﻿<?xml version="1.0" encoding="utf-8"?><root>
<SITE Name="iUROK" Server="localhost" DB="urok11" USER="root" PASSWORD="" TIMEOUT="1000" PROVIDER="mysql" AT="a" INTEGRATED="False" INTEGRATEDARM="False" IMAGES="C:\LATIR\Generated\Generated Dlls\Images\" LAYOUTS="C:\LATIR\Generated\Generated Dlls\Layouts\" TEMP="" FUNC="" PROC="" KERNEL="" />
<SITE Name="EXPRESS" Server="localhost" DB="express" USER="root" PASSWORD="" TIMEOUT="1000" PROVIDER="mysql" AT="a" INTEGRATED="False" INTEGRATEDARM="False" IMAGES="C:\LATIR\Generated\Generated Dlls\Images\" LAYOUTS="C:\LATIR\Generated\Generated Dlls\Layouts\" TEMP="" FUNC="" PROC="" KERNEL="" />
<SITE Name="BP3" Server="localhost" DB="bp3_1" USER="root" PASSWORD="" TIMEOUT="1000" PROVIDER="mysql" AT="a" INTEGRATED="False" INTEGRATEDARM="False" IMAGES="C:\LATIR\Generated\Generated Dlls\Images\" LAYOUTS="C:\LATIR\Generated\Generated Dlls\Layouts\" TEMP="" FUNC="" PROC="" KERNEL="" />
<SITE Name="teplo" Server="localhost" DB="teplo3" USER="root" PASSWORD="" TIMEOUT="1000" PROVIDER="mysql" AT="a" INTEGRATED="False" INTEGRATEDARM="False" IMAGES="C:\LATIR\Generated\Generated Dlls\Images\" LAYOUTS="C:\LATIR\Generated\Generated Dlls\Layouts\" TEMP="" FUNC="" PROC="" KERNEL="" />
<SITE Name="elf" Server="localhost" DB="elf" USER="root" PASSWORD="" TIMEOUT="1000" PROVIDER="mysql" AT="a" INTEGRATED="False" INTEGRATEDARM="False" IMAGES="C:\LATIR\Generated\Generated Dlls\Images\" LAYOUTS="C:\LATIR\Generated\Generated Dlls\Layouts\" TEMP="" FUNC="" PROC="" KERNEL="" />
<SITE Name="vkas" Server="localhost" DB="vkas" USER="root" PASSWORD="" TIMEOUT="1000" PROVIDER="mysql" AT="a" INTEGRATED="False" INTEGRATEDARM="False" IMAGES="C:\LATIR\Generated\Generated Dlls\Images\" LAYOUTS="C:\LATIR\Generated\Generated Dlls\Layouts\" TEMP="" FUNC="" PROC="" KERNEL="" />
<SITE Name="vkas4" Server="localhost" DB="vkas4" USER="root" PASSWORD="" TIMEOUT="1000" PROVIDER="mysql" AT="a" INTEGRATED="False" INTEGRATEDARM="False" IMAGES="C:\LATIR\Generated\Generated Dlls\Images\" LAYOUTS="C:\LATIR\Generated\Generated Dlls\Layouts\" TEMP="" FUNC="" PROC="" KERNEL="" />
<SITE Name="vkas3" Server="localhost" DB="vkas3" USER="root" PASSWORD="" TIMEOUT="1000" PROVIDER="mysql" AT="a" INTEGRATED="False" INTEGRATEDARM="False" IMAGES="C:\LATIR\Generated\Generated Dlls\Images\" LAYOUTS="C:\LATIR\Generated\Generated Dlls\Layouts\" TEMP="" FUNC="" PROC="" KERNEL="" />
<SITE Name="toid_srv" Server="localhost" DB="toid_srv" USER="root" PASSWORD="" TIMEOUT="1000" PROVIDER="mysql" AT="a" INTEGRATED="False" INTEGRATEDARM="False" IMAGES="C:\LATIR\Generated\Generated Dlls\Images\" LAYOUTS="C:\LATIR\Generated\Generated Dlls\Layouts\" TEMP="" FUNC="" PROC="" KERNEL="" />
<SITE Name="toid_cli" Server="localhost" DB="toid_cli" USER="root" PASSWORD="" TIMEOUT="1000" PROVIDER="mysql" AT="a" INTEGRATED="False" INTEGRATEDARM="False" IMAGES="C:\LATIR\Generated\Generated Dlls\Images\" LAYOUTS="C:\LATIR\Generated\Generated Dlls\Layouts\" TEMP="" FUNC="" PROC="" KERNEL="" />
<SITE Name="toid_ET" Server="ET55" DB="toid" USER="root" PASSWORD="3420890" TIMEOUT="1000" PROVIDER="mysql" AT="a" INTEGRATED="False" INTEGRATEDARM="False" IMAGES="C:\LATIR\Generated\Generated Dlls\Images\" LAYOUTS="C:\LATIR\Generated\Generated Dlls\Layouts\" TEMP="" FUNC="" PROC="" KERNEL="" />
<SITE Name="toid_ORA" Server="//localhost/ORA" DB="" USER="MTO" PASSWORD="MTO173" TIMEOUT="1000" PROVIDER="ORACLE" AT="a" INTEGRATED="False" INTEGRATEDARM="False" IMAGES="C:\LATIR\Generated\Generated Dlls\Images\" LAYOUTS="C:\LATIR\Generated\Generated Dlls\Layouts\" TEMP="" FUNC="MTO." PROC="MTO.%Type%." KERNEL="MTO.Kernel." />
<SITE Name="toid_ORA_CM" Server="//10.11.35.10/opc" DB="" USER="MTO" PASSWORD="MTO173" TIMEOUT="1000" PROVIDER="ORACLE" AT="a" INTEGRATED="False" INTEGRATEDARM="False" IMAGES="C:\LATIR\Generated\Generated Dlls\Images\" LAYOUTS="C:\LATIR\Generated\Generated Dlls\Layouts\" TEMP="" FUNC="MTO." PROC="MTO.%Type%." KERNEL="MTO.Kernel." />

</root>